page_number,candidate_count,candidates,primary_image,supplemental_regions,status,review_reasons,reviewer,review_date,remarks
13,1,013.jpg|3024x4032|7480646|089997ed99682d840c9e5b7132fa9daea7fbc1836f52be688c2f40ac7ecc34a7,,[],unreviewed,,,,
14,1,014.jpg|3024x4032|3384555|99ca33dc9678430b5e272bed535b9ec6c4f3dba7489a014184f3717ea53dd76f,,[],unreviewed,,,,
15,1,015.jpg|3024x4032|3825614|3df617765e53f33eafaa8a1e219bc5ce090935bbc3541bbc65d8be6be4b25f8a,,[],unreviewed,,,,
16,0,,,[],missing,incomplete,github-copilot,2026-07-25,No source file. Neighboring captures 015.jpg and 018.jpg establish the sequence gap and do not contain this page.
17,0,,,[],missing,incomplete,github-copilot,2026-07-25,No source file. Neighboring captures 015.jpg and 018.jpg establish the sequence gap and do not contain this page.
18,1,018.jpg|3024x4032|3158454|3cfb7b1640ea39c53bd494120d06f00a8376c6ef722ebb68c740ac0c38235145,,[],unreviewed,,,,
19,1,019.jpg|3024x4032|7434068|99ec165150b31858e882439f897790617df20e7d72dc4f84f53cb9ebb582ad39,,[],unreviewed,,,,
20,1,020.jpg|3024x4032|7546166|12b7c06e6c2f8e0dae32589002b2217176a8f2978622c0b2a233d0a63468850c,,[],unreviewed,,,,
21,1,021.jpg|3024x4032|3493455|1e02c387849302cc26c20ec67a7bf08d377036dea35a8098bae3b112f9b45b55,,[],unreviewed,,,,
22,1,022.jpg|3024x4032|3153917|22c41aab736af50ed74ad9ff788b62050c2fe217f08fd04a1cfb86f5171f50f1,,[],unreviewed,,,,
23,1,023.jpg|3024x4032|7538717|8bf245a136c81c888d4b3b0a776e600ec44bb1c2b9a2cbc92bb762344c97bf56,,[],unreviewed,,,,
24,1,024.jpg|3024x4032|9010738|f41591334833b7b64bd7b841a9c73fc3e4b7b7d505f3dc87898d001350732ea2,,[],unreviewed,,,,
25,1,025.jpg|3024x4032|6508316|4ec2860e4f989733a7f253f3d27a7c8f20fcb0f6b76f00795e64c58e9adafafc,,[],unreviewed,,,,
26,1,026.jpg|3024x4032|6689584|ca57bf93c4dfb9247fb3180378a1228db32292d244375d540041a0add6d6e87e,,[],unreviewed,,,,
27,1,027.jpg|3024x4032|3576518|5b432d2ae9c1ca4fd5770891e911cfbf39236d6d30d468691728c6b183b93f13,,[],unreviewed,,,,
28,1,028.jpg|3024x4032|7607552|2bc21d8cf9feddd947ad57129fc3e670fbd09810799dc67b963f6a95b5bb4684,,[],unreviewed,,,,
29,1,029.jpg|3024x4032|3255568|2a571ee47b2c92b1066d8e0c4cf2bea23664612dfa44de97c09c222b9c13e15a,,[],unreviewed,,,,
30,1,030.jpg|3024x4032|7332081|a9d68cfcb4d08a8c0a96cc21149ee797bc1c5c6284a8f1a7f551b5bab08a38c8,,[],unreviewed,,,,
31,1,031.jpg|3024x4032|7621596|0f76d98d4401465f7cd03d60faf0dce773fba7e1f9521a20f9ec56b2f9f36be1,,[],unreviewed,,,,
32,2,032.jpg|3024x4032|6347475|ece4a0eb81337b978d81cff85a38627a0fcce6fb4c94b41b9ad4d6408f0752c6; 032-scan2.jpg|3024x4032|2983140|2edbd02d5b61dc4e7168f562d7bf0828c1bd4563c1a13dba68421a3f4c5de106,,[],unreviewed,,,,
33,1,033.jpg|3024x4032|7622352|a73d6244621ae989e338649c484b16e5cb680dfc1eaadebca0a30f18b8870e19,,[],unreviewed,,,,
34,1,034.jpg|3024x4032|6369883|996e62aea86ebac5b7d2427c4988941d8d9a32990585181e87380945643c57de,,[],unreviewed,,,,
35,1,035.jpg|3024x4032|8088217|3fc9028f7e603f79960a7d55f63da90fcfd2b3fa5af4da3c2ad604858c29136f,,[],unreviewed,,,,
36,1,036.jpg|3024x4032|6426884|ce6f34641f58871eadc143f9f9030215712519af8b551ecda47e7d37d9d545ec,,[],unreviewed,,,,
37,2,037.jpg|3024x4032|3171107|f6c1d29e6f59ff721406d53697d313adfd1230d1e7726db8a3b6155aa4611cd1; 037-scan2.jpg|3024x4032|6224107|1f245d0fa4887283e398b4f97d945d2a9538b3ac7bfe8cdccaca16364043979b,,[],unreviewed,,,,
38,1,038.jpg|3024x4032|7300669|133dbb96f91da1bf90374e768b5623cf91d3ee35aaadf65cbfa3e3fc6d228b04,,[],unreviewed,,,,
39,1,039.jpg|3024x4032|6161674|7bb711335d8b30611dab766ba613017db53b74b125bbbe4b50e60ecbc0294e9f,,[],unreviewed,,,,
40,3,040.jpg|3024x4032|7928302|0e310a2d3b4afee324a91fa6c95512a38ae1b954e63629beb7fcf6577a0f40b6; 040-scan2.jpg|3024x4032|7307618|f8468795a233cc71981c906c49cc118808a4375d32408a53afb1e0d423f8800d; 040-scan3.jpg|3024x4032|7555599|cc853e25bd1d494a39a344705b913b5c23e9de39778009bf1e7fe62f61a5c8db,,[],unreviewed,,,,
41,3,041.jpg|3024x4032|8118470|b967b27df416b914c44c640fc747aa372a434f5a0c7cf63d2b12eb104544aa43; 041-scan2.jpg|3024x4032|7786278|56397d0365445600401bf4420d8270790c491d5974df34b9580964541e158198; 041-scan3.jpg|3024x4032|7432731|564f1dce4a8171135e98068b7de6a543ff8f1e6e31ea583577cc296a9c1dba63,,[],unreviewed,,,,
42,2,042.jpg|3024x4032|7979007|b2013a33265e98e129d3175eec79f4525425534159675010acc7722bbee41bc7; 042-scan2.jpg|3024x4032|7330730|0cbc409de4ea8dfa22bb6bec53e4fecbe39160d26847fba9fe2dfdb421445df1,,[],unreviewed,,,,
43,2,043.jpg|3024x4032|6774357|5c5cb24cdf697003d1d2161f89e824a708909e3590de526eb80bcc8c395a79f6; 043-scan2.jpg|3024x4032|6176206|655f0403c7c30f4fc87f752d038b01e91b71ef3e08cc722e29d2205feb0de242,,[],unreviewed,,,,
44,2,044.jpg|3024x4032|6084799|a28b08d8c4e411dd4fa2c502ba7a49aacae1d70966f4503a8d0ad60fbbfdbfe3; 044-scan2.jpg|3024x4032|6072187|42651b62c0d19f995ae54f91ed25d5ea8c98e7e8a11b4fb8bc598d9c15d81b83,,[],unreviewed,,,,
45,2,045.jpg|3024x4032|7819047|1d6c656158e50ffb9afaf461601aeac80532de123361922397cc32121b69ce78; 045-scan2.jpg|3024x4032|7224811|28d9055be0f50b72e526e0ca3e111b8ef1ec2318872522082490b38e87cef1ec,,[],unreviewed,,,,
46,2,046.jpg|3024x4032|7470128|c85fc0c7c92aa3e0a7c72b761b289e36308ab8a2d3185a94622ccca7fe00cc03; 046-scan2.jpg|3024x4032|7382824|155f8752e8f4395c50c782d33eab3005fb24c65c59b2c31c77f970a57e6681c2,,[],unreviewed,,,,
47,2,047.jpg|3024x4032|7489810|0a58f51776ff7e9b111dc2e4e2817726e83ac505c272207afea269802d515325; 047-scan2.jpg|3024x4032|7668453|970459ead41299448bf8ba2c21209708bbbe53d6fc91d432e33103f72334302c,,[],unreviewed,,,,
48,2,048.jpg|3024x4032|7519370|d27d4452f7b35c93d8127818b5537dbf20c0661a3b362bac6dab6875993119f0; 048-scan2.jpg|3024x4032|7491410|d11d9f464ff35b3603f8874c60d56752138f95b6b032d24f21e19960f810c43c,,[],unreviewed,,,,
49,1,049.jpg|3024x4032|6344697|feac6c5be7736f2e43f2a44424c0d2b24129690c1b4fcc6de7a5ab6575e3890b,,[],unreviewed,,,,
50,2,050.jpg|3024x4032|7926875|9b6827092d42183752931994fb2057ed214a92c48de9b8c9c612161a9463b6e8; 050-scan2.jpg|3024x4032|7724610|b96be5c9dc33bba9b5d76265b5f4f6c78e0618427d47665a650a296c0a776223,,[],unreviewed,,,,
51,1,051.jpg|3024x4032|6191239|3aad73af9b8fb1800debdbf990ede329eef089be2c2c3c6ee5a7857ef4b338ac,,[],unreviewed,,,,
52,2,052.jpg|3024x4032|6430642|05bf40542757f149f3e935ba9071541898978df8e1d607a327b2a9358917550e; 052-scan2.jpg|3024x4032|6514719|6de9aa565b3f1e3c8a268c7b441a9d4156a9b0b75277ca0d176041ebb8a2a01c,,[],unreviewed,,,,
53,1,053.jpg|3024x4032|7525047|1d29da8a6fd7a6729edfd5fc2750201de84760b7c80b91df7d03950c43d89551,,[],unreviewed,,,,
54,2,054.jpg|3024x4032|3798314|e7718b61c24b4a1686dad183c7e2279adf5400a0a1040a4908cc4eac456f339a; 054-scan2.jpg|3024x4032|6884027|a5a667a7c1f5b4d12ade264c22a4b062191bc3accd57ae8a9073b7470c8843ae,,[],unreviewed,,,,
55,1,055.jpg|3024x4032|7855798|0a40ae7a0947b93d964affd01fb4c5520cd08b696b2b80dc6b316c18dcbd3183,,[],unreviewed,,,,
56,2,056.jpg|3024x4032|3595233|16523af5c5987dcf84655df0973fbc1df8642b373f90f07ece7207b2bc134a33; 056-scan2.jpg|3024x4032|6440705|9df6e151ac8e507ee4379fdeadece0900ca5feadd0f15bde3490c13666d4f86d,,[],unreviewed,,,,
57,1,057.jpg|3024x4032|6531206|258d47e63035a6a2ed6c9af4fd8201c29935f3592893c041ad8f4368357fe7b0,,[],unreviewed,,,,
58,1,058.jpg|3024x4032|7417907|735e8f9cda8a9d6af90158db2158b6536b784fb62b8124585ccb2448f4915acf,,[],unreviewed,,,,
59,2,059.jpg|3024x4032|3544363|457798fe1910580ae0ef6b14a729f268cc12e2e54d8b0086e12c8279c590906f; 059-scan2.jpg|3024x4032|6155670|e416391f425e68197e444c66b1023c3bdbcfe7d3a01e7f7bf37977e76031a0ad,,[],unreviewed,,,,
60,3,060.jpg|3024x4032|6971034|d835794d627c4b00b1b390dcf1ff2482b2370c3572f9dd88804c27fc0d7e804d; 060-scan2.jpg|3024x4032|3197641|6a67b58b6a335925bcd50059ab898056d3b98ca41bc328f81d89b50235fb6716; 060-scan3.jpg|3024x4032|6780149|184a0af2edd5360d946c9768ad7d36de139d5fa6eb1dc1e993d32e881e6c7181,,[],unreviewed,,,,
61,1,061.jpg|3024x4032|7483271|197c3a03f2ef95ff4342f40827fa77bd21b1741793c882699fef66e941a5ebc3,,[],unreviewed,,,,
62,2,062.jpg|3024x4032|6285184|3f5cb40e0b023830fed8cc33454bb081c2a2e8252d8f4195b4c5b6ccd49b9993; 062-scan2.jpg|3024x4032|3383177|7048ceb757975ba02e4d498a5afdfd12397e47eea2599fed6b030cefd1e3dab0,,[],unreviewed,,,,
63,2,063.jpg|3024x4032|7498291|3fb3882c78b61c04c38188affa3d24edb1b961b4f3b324d49c3428f9cca55f6f; 063-scan2.jpg|3024x4032|7135471|0ec368da75752f2f69987bc3378324c7c06b9c98c32a22cf477f592e799f30c6,,[],unreviewed,,,,
64,4,064.jpg|3024x4032|3544629|d92157b43704c62c02048ae81b0021ecf60c802db81a6620732608ea29cfffff; 064-scan2.jpg|3024x4032|6350561|d80f53ce8cb84d65ed7f6cb844157e200f4ee60e82b7a1fb05157489fab71461; 064-scan3.jpg|3024x4032|6294420|4cd6db232b0243998d2348a11ee6b7215966f85e647171363f3a2ac3c8519f90; 064-scan4.jpg|3024x4032|6604998|6f787c9578202f14a58cd4ab0dd3a7d267b0d82afbc65feb4ba5faa5e42076aa,,[],unreviewed,,,,
65,1,065.jpg|3024x4032|7923789|0f55c4842b5429816e0a5e1914c8774c29ac50c23e53dcc4e51034f74e699878,,[],unreviewed,,,,
66,5,066.jpg|3024x4032|7080509|c04d483c6a5b03fdd6206fe89dc95ea40570afda4e065ab9311e9f60378e0f23; 066-scan2.jpg|3024x4032|6886906|31c38a0a127c77a60b139f3da059428de71d4b99b106fa430b4a80524d24b420; 066-scan3.jpg|3024x4032|7331684|b6d41d7d3fc0637d9ad7b764fafdf6e9f62875cf03bc1ea984ec4a7c37223a8c; 066-scan4.jpg|3024x4032|6834286|d09057d7cdd636b55b3ad67a77e7acc076899782baa7bf35779d7f76596b94b2; 066-scan5.jpg|3024x4032|7079618|3ad19920510ccc99a00047281de29293140e52500e9b5706ff365feddba8f20d,,[],unreviewed,,,,
67,2,067.jpg|3024x4032|3677665|aa3cdbf382ac627843e4334b480cdc16ecc7d6065d0e4fc628c2ab2dc3ab07ea; 067-scan2.jpg|3024x4032|7250776|82b5ba8283f30ead7526fbfef315e1db7067be99eeada32ad0235bdbe9abddf4,,[],unreviewed,,,,
68,3,068.jpg|3024x4032|8232447|999d00a94762a51f53b75399717ff9345a2709ead5d6acd219b91b49d1cf40a0; 068-scan2.jpg|3024x4032|7601683|629612e06ad1beff81b9cf0cefa1080fd6e0b455dec373627eb6209b2e2fc3e6; 068-scan3.jpg|3024x4032|7207179|4ff098c88e00193bf7de50422b5b5fd98706d6e1af541c7f5142e5f3012188b7,,[],unreviewed,,,,
69,2,069.jpg|3024x4032|3809104|2df42809372a748e76f73963300fc49c753db06daf9717a79ec10be67b207086; 069-scan2.jpg|3024x4032|6802112|a58155aa1f72b1a170e5099f7b294b7761c438341406a2901149454368f338c7,,[],unreviewed,,,,
70,2,070.jpg|3024x4032|7243954|2236c9685004be41c57c787057d68a466b1002495e566f2cf00b9d86c6007c91; 070-scan2.jpg|3024x4032|7215214|49525f36f960d3209ac0e8520cc7aa7fc0f3d0190b9c4457009aa178206a9d78,,[],unreviewed,,,,
71,2,071.jpg|3024x4032|3556632|344df4154825e7596a3eee9594ee9f1c0deaf5d4f6bef688e93b49df01a070b5; 071-scan2.jpg|3024x4032|6820551|7cf830284a7b1fa85cf902a3847bea2cd794ab8e9322210ba48db31c1c32c331,,[],unreviewed,,,,
72,1,072.jpg|3024x4032|7454322|fcd8f2f63c3a794249ff37ca1bf239d46c651de12ff8dd70814e4dae4bcf0f09,,[],unreviewed,,,,
73,1,073.jpg|3024x4032|7650549|3af335aa3f1335cc12e875d7440a9110ba1b35718561fe33cf964f1666ff92a1,,[],unreviewed,,,,
74,2,074.jpg|3024x4032|6716120|281c61936ef04d04dc9330188759f5cbdc81be679771a0deb22a6d79f998bfc0; 074-scan2.jpg|3024x4032|6588698|bf4ac7a78215c71685e9ad25e96575353ce616d9e5eb1f5eb7a26c343a720c92,,[],unreviewed,,,,
75,1,075.jpg|3024x4032|7731810|6c6ac32d720b9111ea3c6c9033f213f7487592677915dae638beb21b305158d5,,[],unreviewed,,,,
76,5,076.jpg|3024x4032|6838562|f87079f2a445dabfb6596bb0beebcabdb91bc384dcf76221c8d11eb192d344d6; 076-scan2.jpg|3024x4032|6498370|e10b8a08565709e72802c70a6b57a91128dba2c313dc4c450dd69eedb262c804; 076-scan3.jpg|3024x4032|6532911|64500d274638b60e5fb89cf52357e605d0161ed3ed4ac8988b347ca8040ebba5; 076-scan4.jpg|3024x4032|6749898|eec233963e31c22f2ddc2c639206c36b37210f4f5bfa87914e38949e9ae48485; 076-scan5.jpg|3024x4032|6775114|ab4c5ad5d9155bee962a993af4a6c542451422f9e22b55a1992756166cdad345,,[],unreviewed,,,,
77,2,077.jpg|3024x4032|6626376|47dd4bfd152f277a5d302548bf0f35f9dbefaa4f752d26803841787b35b78fb2; 077-scan2.jpg|3024x4032|6866847|5c9311de6629dec82a68ce72a28ae92e47994ae9de0a4aa4940be906911964fa,,[],unreviewed,,,,
78,3,078.jpg|3024x4032|8068356|3282847cb311dcf8e03ba90ba4e51511b4d43237627647cd1714793c8ca0f30a; 078-scan2.jpg|3024x4032|7963670|f9c16eb1a92e914a717e8bdd2fe86208114ba95410b56d9583c528dea6ae5344; 078-scan3.jpg|3024x4032|7689332|7636a98a0dcc5baccd7c94a5d364bbcb27502f4b7a546cfbd8689c13a1d72cf9,,[],unreviewed,,,,
79,2,079.jpg|3024x4032|7797678|6d570fb16b1c6fec7c53de20799d3ac5e35c5a559cf8b186b98ae717915f24eb; 079-scan2.jpg|3024x4032|7857999|9fda834d71dcc369d5c192edb0177d3bfe5feda785b36f8a98ed5737140944f2,,[],unreviewed,,,,
80,1,080.jpg|3024x4032|6859140|04dc335240c45498f8e0cb4bd7f42be0267c7582830c4a1bcb2fcee3c41345c0,,[],unreviewed,,,,
81,1,081.jpg|3024x4032|7513485|19c0c465c56593c3ecc8cb2d68e95e923dea70668f85476a2de47774eedc388e,,[],unreviewed,,,,
82,1,082.jpg|3024x4032|6640974|a04fec8695c49e9fcad3df1edeb2be7c558867ddd080d339fc80172fd8d796b5,,[],unreviewed,,,,
83,1,083.jpg|3024x4032|7308927|70494b74a4ab7636a5f348d333033f27253b94fa8deb1bf5dbe663977785c45e,,[],unreviewed,,,,
84,1,084.jpg|3024x4032|6684985|a1fcc7ca312552531f5b9d93d7ada65e0440f1edfdd90cc79bc096cabe755353,,[],unreviewed,,,,
85,1,085.jpg|3024x4032|7191417|8408cc49f391835b50e7988d1b558ad71bc875a7d1e9065cdd1e6c18bff52338,,[],unreviewed,,,,
86,1,086.jpg|3024x4032|6363553|435e50dbff971ed5405fd896c230c6b49677b797232bc190c364d0997e053e7d,,[],unreviewed,,,,
87,1,087.jpg|3024x4032|7326225|321f898b0035c5871a5a3e8cb97455814e7178e16643d3ba781cd052671586fc,,[],unreviewed,,,,
88,1,088.jpg|3024x4032|6885855|84b393b6b8bb05f0415b7ac425bdd7570efb5eb921b7f8db0cfaaae3cd41b2e2,,[],unreviewed,,,,
89,7,089.jpg|3024x4032|7325507|6602ffa3dc7988ba22d76e0d79ccfbf05ef79bfe351b8e2dc6ad36d357dcf3b2; 089-scan2.jpg|3024x4032|7765036|2bc63fe70df18aa7363cab6ac126a83950e24a2e0403053ce37b944c79a3b1c8; 089-scan3.jpg|3024x4032|9097742|94b8299fe768eb0f6748bd56d892d9147dc31f9d492d65f060d6aec48288788c; 089-scan4.jpg|3024x4032|7069984|f0ae8bc12202bae4eb239ce9111b13458caefdbbec5842454cb7a095b7bc3c49; 089-scan5.jpg|3024x4032|7190379|8229432b915e49979eb27ffb0119472d6a60ee6e1da033451cd5fd8155ea821d; 089-scan6.jpg|3024x4032|7215745|9f655cebfebddd57354f83e61a218fb8f853774d8885c46950c124c51f43fa38; 089-scan7.jpg|3024x4032|7326995|ea55ccd0ca7c15510e1a191a1cac8812cf584f0b0f945157195274e51636adfa,,[],unreviewed,,,,
90,2,090.jpg|3024x4032|7957037|106f8865f13ed6e317924eaf58c14ea20783a2d79d4591ac124d392f81b19ebf; 090-scan2.jpg|3024x4032|7559514|af36e92f24b8fed5db1c694f99f9d662acfa923da8556bb5693901c85e0e8a26,,[],unreviewed,,,,
91,2,091.jpg|3024x4032|6941161|ef7cfcd010ee56df86c29bdf5f988b46e84e957c0d983e9099e2f5b3cdc77a06; 091-scan2.jpg|3024x4032|7181684|c24922748548cae92d216c9d7461f78b1c70e56615ddd1501a15e9006b915a39,,[],unreviewed,,,,
92,2,092.jpg|3024x4032|7197293|9605590cb48e054f20b7e763cc0fbf234a6fa972d84b8f79ea8683ee7b0c42ca; 092-scan2.jpg|3024x4032|7652151|07565654fe4e644b9aa646206041b8e9b5d99f48929984709891772bdfb3d1de,,[],unreviewed,,,,
93,2,093.jpg|3024x4032|6794110|9929ed4f07a1d54963fcd3802df5fb547e03403d5102c122b1afd343b584a8dc; 093-scan2.jpg|3024x4032|6819533|1a14f79614185a41f3cd4e7b87a0285905726af82feb52c57689dc6bff27e6e6,,[],unreviewed,,,,
94,2,094.jpg|3024x4032|7317551|84f14dd060bd752f8a3665175cb1d7c4932142bbab602cec92afc28c88d92181; 094-scan2.jpg|3024x4032|7714042|a1e79127a6f5c044622ab1b56f16152fa7fd05a8429e4bfe5ce067b868d5bb81,,[],unreviewed,,,,
95,2,095.jpg|3024x4032|6698370|027defb6e15841cd56184f034453fb66f6f12f4d7c84f547023491d1d8baf388; 095-scan2.jpg|3024x4032|6706501|2e6d37fa3c0fa8374296c5e003dd237da5fbf4d9826690ece7ef7f91768ddabc,,[],unreviewed,,,,
96,2,096.jpg|3024x4032|7782844|770821867118cd7a7ea671e8d52d4f9d665ae2be0319acec2bf571c7064029a9; 096-scan2.jpg|3024x4032|7551748|33598a65f09603e3369898cf61fc5c4823499722267110a2d4f0079dd7a17913,,[],unreviewed,,,,
97,2,097.jpg|3024x4032|7052704|4e62657ea8718ad374182f19fcb138b713a0cc22d7e83a9cd9687834b2d40ea3; 097-scan2.jpg|3024x4032|6805554|2a02968de87bdf3c9c568ec9666575c55d61dbcba9f655a7732d349dc9c3696f,,[],unreviewed,,,,
98,2,098.jpg|3024x4032|7710937|2f3f2f036e20faa9f754fe3bdbbf8cf01cdff8e97d92e10d70b8f0ed36a61c67; 098-scan2.jpg|3024x4032|7124872|9083e2fa64926c35a75a50966b4225f3b93aa7641f0098c976dbb04759045b3f,,[],unreviewed,,,,
99,2,099.jpg|3024x4032|7094832|7e3fcb2b9012262da9a31b49ea79b6905163de25a702586ab15673b687ba4e6a; 099-scan2.jpg|3024x4032|6925518|add5a51ac42478299c31db7633f0378020c099e9ba0c4908b7478e4227916e47,,[],unreviewed,,,,
100,2,100.jpg|3024x4032|6885842|0b3a311c170f0fd2d28428c5acb729ac6872b31179be639e7534943237fc0db1; 100-scan2.jpg|3024x4032|6614817|0b9df048a7eb631572b664b030afc1f97298aad6ccdc12f1806128b30c606811,,[],unreviewed,,,,
101,2,101.jpg|3024x4032|7544138|d0d4a3933ae58bf4bf9935e5ab75ddbaab8b7233cd544bfd681fcb5a4bc97253; 101-scan2.jpg|3024x4032|7261215|cd4374094d3145aef27d2d1aa4e231ce7219bec9d6b46fd62c3e8ffd8ecf55a3,,[],unreviewed,,,,
102,2,102.jpg|3024x4032|6177166|0f90ee329a564cb06efe390db5fae73d8c110b18b1f36c9bbbcff8df654fef61; 102-scan2.jpg|3024x4032|6825930|864e3c96af9511a455c8056e6748a702108beefebf66b45cbc5684567792d8ec,,[],unreviewed,,,,
103,2,103.jpg|3024x4032|6843317|93d3e8976b85e3ed61622599f44d098cd7806a18756f111bb8eccfd592d2b183; 103-scan2.jpg|3024x4032|6143760|a97d0df2cad69a4d9bd73984a0e61767c66725dee95e3a8f77a0e0ddb52af1a3,,[],unreviewed,,,,
104,2,104.jpg|3024x4032|7762813|c428afb75f77b6c9753f460b25399859e44fe015a85bfd5158310a0a582c10b4; 104-scan2.jpg|3024x4032|7707566|b14de1ecd17a7b8fe17595ee95770af27f507dd834856f35d9a61f0f988c3b59,,[],unreviewed,,,,
105,2,105.jpg|3024x4032|7155877|bbc8d98915af0ff94ef7731720f5ad572c28e73c744530a9d832505e41da92f6; 105-scan2.jpg|3024x4032|6602198|b1be1e5ec6a2cac04d62baee5a653745ad3eb6e19ae3063f77a2133fe53d3e6e,,[],unreviewed,,,,
106,2,106.jpg|3024x4032|6421332|465220f7d07fae9431adb624223cd49fc733016ada2c770cabc7252609ebe1b2; 106-scan2.jpg|3024x4032|7334912|0e7a3873c9b09dfcac639f6f4eca9fa68e7f5091dee0e9e9022e55ce2c00e129,,[],unreviewed,,,,
107,2,107.jpg|3024x4032|8242706|a0b2c919548acd218051a4a4d7e2c888c7ebb095aa017a21b4dfbb29b6ab4acc; 107-scan2.jpg|3024x4032|7634370|4fac1036db9a125120a3ebb91e79779339fbe59b1963d53a3bdf82679bb6deb0,,[],unreviewed,,,,
108,2,108.jpg|3024x4032|6158802|dcb5aa5496df468580893d076346511ecb172e6b94baf0503b1d26413ba93a75; 108-scan2.jpg|3024x4032|7162093|d0c02f8bf36416e8743c29791acdf10cc84e6aeb0bee1b3f89e5371fc9d4587a,,[],unreviewed,,,,
109,2,109.jpg|3024x4032|7924770|1bd0a277434beee0a22aca7587d2fff34efd42b429049f220dfff70b9ccd9264; 109-scan2.jpg|3024x4032|7483032|f2aaadcbc1893b1a726922dc2f12d0843f65384d10a79155289eb57932bb3d36,,[],unreviewed,,,,
110,2,110.jpg|3024x4032|7001280|4f25ff1cd609207a612e2dc923c3a6b352ca82ab7d8c2c14ae37f89a8a0b7c7e; 110-scan2.jpg|3024x4032|6401056|6f61857c6217fc74884aee69b05b6a2be692a2ff0f13451f15f98609c689e6e5,,[],unreviewed,,,,
111,2,111.jpg|3024x4032|8079910|8ccd48eddad9ce05f1d65709237d92c042ace7ab72405d029e656666bbf1cb7e; 111-scan2.jpg|3024x4032|7440092|0f6c82de372767247ddc22aa8328a5aac9a1bf0584b21c7f3909bbc4f4f900d7,,[],unreviewed,,,,
112,2,112.jpg|3024x4032|6863903|a5e87065f02800f338ec6965f7b593ec329db5e4bbfbcaedaf020b2eae4fa490; 112-scan2.jpg|3024x4032|7873398|57ad0c74b773a0b071f111393ab52b3e62182fd3b0df45a696bcb9d430d75514,,[],unreviewed,,,,
113,2,113.jpg|3024x4032|7866048|002e130daa987f852438b25283679b32dacf34514c34121269969ff73cba0552; 113-scan2.jpg|3024x4032|7809925|ebd4d7c9d4dffe2d30f128183835c5df05be273b57060a74b85fa774eb23df3f,,[],unreviewed,,,,
114,2,114.jpg|3024x4032|6448834|95c1835617541a1e5043c0d7dc0c7b5d9a1411e88365eebe90d6f6952d118121; 114-scan2.jpg|3024x4032|7142656|60605c932af22f487ea6b39d9b12a2393e0cf56c498b0f84800b85a1448dbc70,,[],unreviewed,,,,
115,2,115.jpg|3024x4032|8203219|d63084e396a82f052047dd84649262c76a005c1fce2cc758ab9191c6cabefdb4; 115-scan2.jpg|3024x4032|7453721|bacc400f546ca1c9a9a74d33b52595f61ee243d188746f02440b4f01e6529f25,,[],unreviewed,,,,
116,2,116.jpg|3024x4032|7585710|279171ec03f5b4373453f474a194cdb9a546dc8a9d4f19e9882860dbc73a05b4; 116-scan2.jpg|3024x4032|8196610|123b07fcfe2771151badadffdc7fb62ac42e0f1944c1293068ba802e90c89715,,[],unreviewed,,,,
117,3,117.jpg|3024x4032|8116642|70241b208d709fd5869db8a38466b027b477ffc7d8976f174766132e682c99be; 117-scan2.jpg|3024x4032|7428989|ee94e1edd11761e01b525c5b050a9993fdb7bdfff5aaa5e44606b4ba79a27e57; 117-scan3.jpg|3024x4032|6603351|5b7e6d33e2d1447c8dea51d8c6e6d0c1ee842246d6e3116974c3ef8240626616,,[],unreviewed,,,,
118,2,118.jpg|3024x4032|7390335|400d296f91638b9c90775efaa7cab0bccf746581aa075af844beca92778843eb; 118-scan2.jpg|3024x4032|7866026|81da4e651554682269f8cf5cd5a6b27a5c71bba7e60c472a5448f38e5eab5e6c,,[],unreviewed,,,,
119,2,119.jpg|3024x4032|7168345|0afc285e9aafe6f5baa9afe8cf1d0c3380cd420476f688904c57288d3b3bd026; 119-scan2.jpg|3024x4032|6658744|caaaea325f20e85bc69cc298f4e92d440a2be3d1a81b1da224839bd30b43401d,,[],unreviewed,,,,
120,3,120.jpg|3024x4032|9061974|7be6b5296b4622935e85512d890217720ac3e4eb79b3b093d3df640d065f9429; 120-scan2.jpg|3024x4032|7432671|dbfdcf96f9cbaf59877962c8960cbb0803fea528f655ad951a2d09baf8fd5d47; 120-scan3.jpg|3024x4032|7546387|3440292422be26930aecd4cfc76c1f9727500a13fbe086397ad15f2053cfb9c3,,[],unreviewed,,,,
121,2,121.jpg|3024x4032|6538182|c30653753be116e6fe002866defd7f7a8b0ba6223a0b0009dc7450236cca66b0; 121-scan2.jpg|3024x4032|7302365|51cf14c6d03eb525cd4a91a74ec1a647ac4a4bbebade595062a71c7acdce3d73,,[],unreviewed,,,,
122,2,122.jpg|3024x4032|7681657|56c246fba56e89f0043704495200afbb4980765c06157549fd1723135dee0c7a; 122-scan2.jpg|3024x4032|8336607|b602f20edb6ecaa3f15cc6b9aab5bad838162182cc5407a6a668026395a8b463,,[],unreviewed,,,,
123,2,123.jpg|3024x4032|7168514|5afa02ff44e526e89b5815266401c35d66fea998a75f17f8df0a7d95ed2d5a32; 123-scan2.jpg|3024x4032|6715629|6bf3d16d74c98713a3ef28168e824b1b9d0a1635bb2353bb30b219474f6fc1cc,,[],unreviewed,,,,
124,2,124.jpg|3024x4032|7867568|3bedcf6561366fd08a72033dc9c4f72dc676c90391e03ac1fc9e82529eaa519f; 124-scan2.jpg|3024x4032|7371437|3e2fbf5eabd559331e118e08f180ffb3e20dfac73617434e9b2e96d4f1ebb98b,,[],unreviewed,,,,
125,2,125.jpg|3024x4032|6989760|83bf639ef28450fead50dedbbe30262a0f2377e45ae3a68eff1e690918476b55; 125-scan2.jpg|3024x4032|6633274|8e77212c93551f6c0f4acf742a2a374c170cee0dd043c69a0e9769e197c77b01,,[],unreviewed,,,,
126,3,126.jpg|3024x4032|6962958|9e7955b1b953080913bb449db5dcda6d876ecf4e3f6d9a4f768dd5c4e9d4f684; 126-scan2.jpg|3024x4032|7509760|28aaed4e10c15af61e36ba59b93491b47c26fdb5ec83382f6e9c155c8f70be1d; 126-scan3.jpg|3024x4032|7035626|cf7022faea3d83cf06a0266e18551c21eef88b1df1fde4b286f8c1f36a3d1383,,[],unreviewed,,,,
127,2,127.jpg|3024x4032|6847837|6f36773800dd177250b4233cc13c432880ab32b6f8520147d8dc696cf898e2be; 127-scan2.jpg|3024x4032|6377247|0d6a9b51a7b74d39ddc6aff716f7249bf8325ff48a2b30f3f955abdba7cd399e,,[],unreviewed,,,,
128,2,128.jpg|3024x4032|6534005|b4390f0e8bfc50d83bad629dea71e4b5a141d884f1f953a7295d504745b27aef; 128-scan2.jpg|3024x4032|7208281|40f54fc20a284457290b8b9df7ecf63edb32c1ff9cf45bdc6d8426532b3e4c50,,[],unreviewed,,,,
129,2,129.jpg|3024x4032|8019650|bb7996daabbbf91f04ad7a283e2febea11a60d1c6bfb47ccd18397f17325dda9; 129-scan2.jpg|3024x4032|7872564|90e139a68e320cea0fea4c6e07fe5564d7a8bc4a5fa91b1b66e26a6927c9603c,,[],unreviewed,,,,
130,2,130.jpg|3024x4032|7253372|115fdeec59bb6fc22df21c5a14d96e12896bc65497480a365d156fae9b5580c1; 130-scan2.jpg|3024x4032|6563084|6c350dde4223f06005140dd66331403dc7dbb89e58ec040112cc5e306437bbf5,,[],unreviewed,,,,
131,2,131.jpg|3024x4032|7314574|ff605876d84d0e8d533a8e1f445dfd1896c6237005a58178e187aa1a80ce14d5; 131-scan2.jpg|3024x4032|6691008|82289dc4ad8b31688e4d0e0c8c3b50ea585029746a2ea76a90d9a88008fd2a04,,[],unreviewed,,,,
132,2,132.jpg|3024x4032|7994112|5a31a56617498243f5897493074f8dae805894c53f6183e809974d7b48531b79; 132-scan2.jpg|3024x4032|7296637|c19d63d80d4f5a283586621306783c39dac1bd459ed182531620c1c8938b1faf,,[],unreviewed,,,,
133,2,133.jpg|3024x4032|7104213|0976f20a9611ad200ef0dd85dfbba258e73e8c3cc121cadc72909966b1259b6d; 133-scan2.jpg|3024x4032|6835404|a4342f96909ff93ccdb28e2dd55a14be7e68bccdb2ec0f34179cf5dece9075bd,,[],unreviewed,,,,
134,2,134.jpg|3024x4032|7333774|a26ee54a23f3672fcfc6a06bd5278576dd0c28ef06556525d465a39f7bf2d438; 134-scan2.jpg|3024x4032|6599582|c294732ff15deb540aeec625309cb9e437ea59f3749b200fe25d9530057d2cfd,,[],unreviewed,,,,
135,2,135.jpg|3024x4032|7910683|bc04a84ceb5139df485d3727c5af3e9f6989afad256b6795719a42e56353d6e4; 135-scan2.jpg|3024x4032|7778537|a3049e4698dd1f675d623844bf1efb90c22799ef9e5177183ec77c7d7233f62c,,[],unreviewed,,,,
136,2,136.jpg|3024x4032|5910110|fba8a80dabff033dab6cfb6a67460592fae1bfdb968906aea741b8ee11ddfe84; 136-scan2.jpg|3024x4032|7262169|780d6235e445823702f8ba8a8368f085aa283be7beca81da40e7b47189bbbc15,,[],unreviewed,,,,
137,2,137.jpg|3024x4032|7966721|5940bbb64ae1348ebf3d82c574982d8b79776b7dbe522ed1da3dcbf4edcfc309; 137-scan2.jpg|3024x4032|7348462|3993a19bb4d45560976006e41984b619239fb4a3863085b15b94ec72cf98381b,,[],unreviewed,,,,
138,1,138.jpg|3024x4032|7797627|230d93570a1d8c08466d0625932859e46daafb5accb0a37669a1bc248041f53d,,[],unreviewed,,,,
139,1,139.jpg|3024x4032|6342510|5d32fb37193e61ec9c5214276d6d41fe4c55ba4d6562383a64abad3f863e7515,,[],unreviewed,,,,
140,1,140.jpg|3024x4032|7698386|6dd38b2ea94e5ba13d08cd183d1572dc72fbe10254a005524d0d74a46d78e84d,,[],unreviewed,,,,
141,1,141.jpg|3024x4032|6262687|065210d2be77fea7d90e4b7a150ad39da1e4117b1f6ef1d584860f17bd5c786e,,[],unreviewed,,,,
142,1,142.jpg|3024x4032|6872318|d37594734e81f47dd7d211f04e9799b688279f166382d5b9eb7b43d370d1eb04,,[],unreviewed,,,,
143,1,143.jpg|3024x4032|6209105|8d08ab1629acfc0c4382c22c6570bee845a4e3584931637621e737e1ae7aa851,,[],unreviewed,,,,
144,2,144.jpg|3024x4032|7047636|b5214509ffe47671074ee59d7fb1eb885b2cce2a996cd660a8e57ed040848128; 144-scan2.jpg|3024x4032|7247221|fa9d9b2c24dfd2eac32901ad07f703aa9fd57df0c7fdbc262f27077e7936552d,,[],unreviewed,,,,
145,1,145.jpg|3024x4032|6392984|2cce20a10fd33cbc429db0e832f583343355bdc5295fc20a644f0c1e7a231799,,[],unreviewed,,,,
146,1,146.jpg|3024x4032|6566609|64512d992aa2e53a6ddacfe38d0fa197d0ae658097d09068a7287461715439b4,,[],unreviewed,,,,
147,1,147.jpg|3024x4032|8066073|c6fcafb64da1fde8b4ca3dd6c1b9b8f2bae45a9690eadb5810a49bbfa879c5fa,,[],unreviewed,,,,
148,1,148.jpg|3024x4032|6462090|00c87e7edcf52fcc60781c339cfc176b08185e46756e46db894600ed3fd68e10,,[],unreviewed,,,,
149,1,149.jpg|3024x4032|8163026|b9eea3e2b1ea83fc8f49baeb38418a79ad39eb24e3db2ffe4281f5e66761c8a0,,[],unreviewed,,,,
150,1,150.jpg|3024x4032|7123953|90aa27bfd52cfb47f55e055c6b027024d1547f0074cd3b726517efcee9a28c7c,,[],unreviewed,,,,
151,2,151.jpg|3024x4032|6793637|e53533b484a59e7f309dac1b693dd523af135c26d78b7b8f669782d170384378; 151-scan2.jpg|3024x4032|6813394|473aa843a0e0376901b49ff024c3003f866b9bea1cef1c9851c07089de91f969,,[],unreviewed,,,,
152,1,152.jpg|3024x4032|6292260|357957b7349e48b386d9fd65b024e507a4314ebe2c58d36abcdba163017849fc,,[],unreviewed,,,,
153,1,153.jpg|3024x4032|7607859|df66a14e84b3bc6fa6b6e0e145dda78df9ae681060e7ce4bcfac065599aca023,,[],unreviewed,,,,
154,1,154.jpg|3024x4032|6286336|23cf561be600f361c001876eddaaaf320458e26dd839f4930ad86cd1e9b4b2cc,,[],unreviewed,,,,
155,1,155.jpg|3024x4032|6435424|63e37c6405cc18e77e1eb6e7d69d13323b4c1b281f37421a68567e67216103fa,,[],unreviewed,,,,
156,1,156.jpg|3024x4032|7821094|0590d297c137126e3b0bb785941b57e433c37ac6849e3d443d972beab928363a,,[],unreviewed,,,,
157,1,157.jpg|3024x4032|7438904|a8cbd41deae576ad7651b7a75c6e0d3e3e35a032b49298769f0dda47c0280e2e,,[],unreviewed,,,,
158,1,158.jpg|3024x4032|6749605|73790e06ddce0e36cd6e47b682fbb862ba301056a0849c81219f7d35dd66c4ba,,[],unreviewed,,,,
159,1,159.jpg|3024x4032|6693542|f0bbf0cfda45c9c8df36bc2fa4383b2d70f7518137808444aca09f986a0d0efc,,[],unreviewed,,,,
160,1,160.jpg|3024x4032|7457381|58240c295c3100b507c06fcf6b973000741cd8912c4c5db03707b58677372b51,,[],unreviewed,,,,
161,1,161.jpg|3024x4032|6362791|e131caff312026b1328d92c74cafd3a9cac7e8c932e29cc72b5a39c319ff5e49,,[],unreviewed,,,,
162,1,162.jpg|3024x4032|7869428|f14a56ebdf69a7144f518e4f844ce8b28405d87bc268e9ce202ebf2490d855ea,,[],unreviewed,,,,
163,1,163.jpg|3024x4032|6214864|f33412dd835d2397bddd1d5cf67ec935da86481a09112eea57681d33ce7aef48,,[],unreviewed,,,,
164,1,164.jpg|3024x4032|6277633|85ad331a88419c88b523dd07be9cfecb433325ecbdae6b59b8add3ca1c46f495,,[],unreviewed,,,,
165,2,165.jpg|3024x4032|7754013|e549d4f42a777fdc27304800d375d4686a51a8da171c9fbfe02f9d949e8d418d; 165-scan2.jpg|3024x4032|7359314|bf6ccd959f15e80a3a3206cba85b0e845d6088b0ea3277d8311e53c22d359ac0,,[],unreviewed,,,,
166,1,166.jpg|3024x4032|7758377|bb8b6536df10c2b3718c1bba8d5caa0dac3d83f350b70ed16441ace3d27ae4a9,,[],unreviewed,,,,
167,2,167.jpg|3024x4032|7721211|272cd388ee11cc9b73b56dc282a4d6dd366ffd3a3b82eb670b844c021765984e; 167-scan2.jpg|3024x4032|7919907|15c21b7f9ef8425f95802d94a23dc48624be22576911138af41a7d31ad3ddace,,[],unreviewed,,,,
168,3,168.jpg|3024x4032|6638347|5afdd7e0aa0448b507dfdf982749b01db389f60fb2b7b61c67ac5aa84d66bc0f; 168-scan2.jpg|3024x4032|7452819|777eeb7063270bc30076b9a3f994e725b773d93db405af9db425c9578ce95615; 168-scan3.jpg|3024x4032|8002853|46955e74cb796962d51adde5e44880579e41d8bfddb4da9bc47798d23bd9ea43,,[],unreviewed,,,,
169,2,169.jpg|3024x4032|8075731|978a3945cfcc8988f153ffc55dd6f4cdfdbd8ddd73adc9e7e1e497316a91080d; 169-scan2.jpg|3024x4032|7232737|f15efd1ee3207c11ce594213178134939c53471116d4d3d0872318499ce39815,,[],unreviewed,,,,
170,2,170.jpg|3024x4032|6738985|06422f13fca2f1c0d66b62a080d33531192c47b610ec218d143ab27151af896f; 170-scan2.jpg|3024x4032|7379608|c1362bfb81b79c74292a30689e062832443af0d56fde05bd7f2154a3250dbba4,,[],unreviewed,,,,
171,2,171.jpg|3024x4032|8300634|6c790934ef724ba8c410d7e785881441c373e7286e381fcabbb8520dfe90533a; 171-scan2.jpg|3024x4032|7481349|7f41f46c6af83483f0806434fd168179d7c20aa490ce3be75e6f618466dd9d7f,,[],unreviewed,,,,
172,2,172.jpg|3024x4032|7430724|56b51dbff54dc1dfbbd4a8df7398bc2ca6bcf7d40ff107dd21dfb9a77d3551de; 172-scan2.jpg|3024x4032|8040806|6389f855a0ed6dff26894a2b9a7c47936728e09da7775a4473027ce2f191e28e,,[],unreviewed,,,,
173,2,173.jpg|3024x4032|6435088|83049c6066588815f27880fbc00351c571dcc3f05aa605585201ba3a5752511b; 173-scan2.jpg|3024x4032|7378476|1f0e844afffd5a85252b16269046871fed99b681dcc648a6818eadc56247771c,,[],unreviewed,,,,
174,2,174.jpg|3024x4032|7474704|026af135291e7dc11ba412709b50c1dd60fb1458bd6c3f53e2304b038cee7ce7; 174-scan2.jpg|3024x4032|6983220|2bfa708cbcbe03587b4bbf09169f6a271203aac377b9c1355b6c1773027accdc,,[],unreviewed,,,,
175,2,175.jpg|3024x4032|7322495|a961ae0334831a07f5ab5deb8d5b647db53cf37e7e26ef800eee565ece81923c; 175-scan2.jpg|3024x4032|7757102|0a4d89aa0f27df62e90a37d176ad32d9425e520e578318482f6e9bba1e19f9f5,,[],unreviewed,,,,
176,2,176.jpg|3024x4032|7352304|f06d11f574cb49ee3074e855d2bbfc64589d00258cf4595bc20a423d29752b9f; 176-scan2.jpg|3024x4032|7744361|a97914f7c0518b35413c23b5cfb10c1d67c0aa98c2053daa303a34eb64b64778,,[],unreviewed,,,,
177,2,177.jpg|3024x4032|7318771|68b13430f99defec100ddbdea8a909b8432c0b088e809d42ea8fbfa81498cbfe; 177-scan2.jpg|3024x4032|6899025|42d4ee7a6d7a209f7bc52bd77ddd50795b98bbc1dc9b6a2b769f3b5086cfeee4,,[],unreviewed,,,,
178,2,178.jpg|3024x4032|7592172|712b3b5681f11373469c8de433746fed9d64873f953dc0f9089c6a605fcedffc; 178-scan2.jpg|3024x4032|8143664|885d6190f35c454ca9f0899d9574f5126c535be6a2944c112adb997f7c9b4046,,[],unreviewed,,,,
179,1,179.jpg|3024x4032|6341955|e1cd199fc91b580b61742c60342049b4825e4ad8a471f67d15e0c62d61c438f1,,[],unreviewed,,,,
180,1,180.jpg|3024x4032|6146231|5ef1cc405fe60f55e82a664d52605498461d62a8859fab8bc45fb372e7035d3d,,[],unreviewed,,,,
181,1,181.jpg|3024x4032|7859558|ee882ddcaab9f71e71d5ef03344d69e62036ca3ac09da08c873468b3a83e0679,,[],unreviewed,,,,
182,1,182.jpg|3024x4032|7413529|f9c045a5c0aeb3f71772ac92c770d2e7b291f991c705596811582445a838c67a,,[],unreviewed,,,,
183,1,183.jpg|3024x4032|7958009|68214e3dab246a7af81c0eefce0661a2e6a862f91c395a4830353f1b9de880fe,,[],unreviewed,,,,
184,1,184.jpg|3024x4032|7399094|3a85bea0c8d3e38224f3f0e7974f7529af76bfb63a9681a70fd86a15120ff143,,[],unreviewed,,,,
185,1,185.jpg|3024x4032|7404889|ef2462756f6e9b36b34447371f5327c9aa969192cbead09a318ebbc708f7a052,,[],unreviewed,,,,
186,1,186.jpg|3024x4032|5903822|95b1ad22694fbe2b451793bf93859f96e8083af41a0faeb243bf40ea5594b880,,[],unreviewed,,,,
187,1,187.jpg|3024x4032|6577734|7b572979f19ed6343a2c4121cb13f20dc5feb8a8a49ee2df9365420e2660c663,,[],unreviewed,,,,
188,1,188.jpg|3024x4032|7913482|27ba5d08a88b840006442ec7e22629b7e73adb1476c192ae6e547869b42f9505,,[],unreviewed,,,,
189,1,189.jpg|3024x4032|6808414|a42e154439d420b5404b86124cd8aab857b8a0ca01d48d49cb9df16cf3e60a1b,,[],unreviewed,,,,
190,1,190.jpg|3024x4032|6129785|354b2946cbeab62ea776a174ae76682e4ab4be2fbade60ed3ba935ec8d8a16af,,[],unreviewed,,,,
191,1,191.jpg|3024x4032|6445173|23e79815c993c1c65bfe0f9265d607327001f95fd9d23cb1794f597cd2241ede,,[],unreviewed,,,,
192,1,192.jpg|3024x4032|7696438|d63462a872f14876db3e08fbb4801e9b0a89fe3966c8017f119bf9aaf06e29ea,,[],unreviewed,,,,
193,1,193.jpg|3024x4032|6648648|6e27ced4f06d255ace5217bd8eeaef50b9d4fd561e96328349fd07adf7223ff5,,[],unreviewed,,,,
194,1,194.jpg|3024x4032|7366840|7e0441cdd7de6a386097cd58636f7445aa7d25add8cc35b572c59cf9a33d2586,,[],unreviewed,,,,
195,1,195.jpg|3024x4032|6468738|5217d8eeb5eef7ebf5c9eed80d682c93d0cdddf2ab0c61783d46a466e2e40fd7,,[],unreviewed,,,,
196,1,196.jpg|3024x4032|7396290|82dc128f02cd22149a22f30411466a4220846993da5916785ec68e07dde174af,,[],unreviewed,,,,
197,1,197.jpg|3024x4032|6565360|da0982e5885ea3c4bfc3c916c474df1787ddd971888a097be195caaa4a1758e5,,[],unreviewed,,,,
198,1,198.jpg|3024x4032|6569125|1c026b6c29c1ded10967e4eeb7c21e53181371c41347c280bdc557f725cdbfa3,,[],unreviewed,,,,
199,1,199.jpg|3024x4032|7747887|40c5f3bc7fd878d5389e1bc14c2c096943d9da48577a34ea15c7b097c3282201,,[],unreviewed,,,,
200,1,200.jpg|3024x4032|7054712|4503c35837dad5757c01e1f4bc039cd6032ffdf72b813211860112d353d991e7,,[],unreviewed,,,,
201,1,201.jpg|3024x4032|7553616|f27555942e3bffd2fd08bbc05fb222555e5b8815019cbcf7174ae37f6c3c2b89,,[],unreviewed,,,,
202,1,202.jpg|3024x4032|7388946|50ab1fdd0ebcc235a1a834af31448f1bf98e849464da035d71ecb24e14180deb,,[],unreviewed,,,,
203,1,203.jpg|3024x4032|6665370|574f57b32678495751a6cf2e633e727c452737144900cae41af5aca95ad24ead,,[],unreviewed,,,,
204,1,204.jpg|3024x4032|7546000|f0b7d1de652e75ffa17dc0cf25c9865c42300769e6a9ed69401ef15ef0fea8ce,,[],unreviewed,,,,
205,1,205.jpg|3024x4032|6457642|aa30ff7b2327c3fa346e38f69c9dd00fadfc1d1bc7c4ded8838a872141948b25,,[],unreviewed,,,,
206,1,206.jpg|3024x4032|6910219|9beb1bad3bf8ee14cbad545b64cbc24f0ad8b24a7727b490d648733ac315ff3b,,[],unreviewed,,,,
207,1,207.jpg|3024x4032|6447841|0670ac6fe9c41f0941aedc877a927fc9e769446f26690f880f44741ab2d04f28,,[],unreviewed,,,,
208,1,208.jpg|3024x4032|6375562|c4c3fc3eb0804f05e4c2e7ee3146a258171dc13eea3e5ea45c617a96d8d9aba9,,[],unreviewed,,,,
209,1,209.jpg|3024x4032|7716003|6ebd1fa84b94934c48a746d561157f1383753963ce1683e1f140b891071562df,,[],unreviewed,,,,
210,1,210.jpg|3024x4032|6709362|c05ee246a4cc07b72b617119e98165cb907d188d3d9dff618204603f259ed1e7,,[],unreviewed,,,,
211,1,211.jpg|3024x4032|7280805|bd51098283b436d60fb7bc8cda3bb34d27d49f3126ab48f33db29a2bf181c54b,,[],unreviewed,,,,
212,1,212.jpg|3024x4032|7612929|f6ea02a028d68fb7ea1616cf5ed11f6bebd8058f02837e0c91951e8d9405e640,,[],unreviewed,,,,
213,1,213.jpg|3024x4032|8143358|de473a7d929e0cc9a8a90e7a5c7bc4ed5d1606b0b8b557d24f8ef87277d2cc12,,[],unreviewed,,,,
214,1,214.jpg|3024x4032|6360044|7bec0d8ba6b05c2562241bcb30705a4f67b661e8ccaab247472bab96c4cf9e8f,,[],unreviewed,,,,
215,1,215.jpg|3024x4032|7746971|1e49f370fc37d8ff96eecdb2b483e73f5c44282e568a5b81f6077fa56731d3fc,,[],unreviewed,,,,
216,1,216.jpg|3024x4032|6456201|6e48425ad12268eb4fb8d4872b9a80e8a634c840b9dfe4f117dc413e1889b66c,,[],unreviewed,,,,
217,2,217.jpg|3024x4032|3986191|9e4f757e8859805b3f480e4d662fc4e7892343b7fd95a17e93e7638a0f0f581e; 217-scan2.jpg|3024x4032|7907304|2e134421775e066ba88ef616c66ab78a0cc0ec556c64db5dc7d4d19662472d1d,,[],unreviewed,,,,
218,2,218.jpg|3024x4032|4041133|b3208596bd501f083a4b17030272216615b6a696a0b0b65e62d34f3492e4d668; 218-scan2.jpg|3024x4032|7220078|8b03a673ab42826ab6b57a56b8823a0cff2592d8a9fd7f24501d70c2b6c9a55c,,[],unreviewed,,,,
219,2,219.jpg|3024x4032|6366799|4e0fd030e87fad66834e6433b3c528d3aaa547b34a11b477fbbeabdef9ea2dc2; 219-scan2.jpg|3024x4032|2980962|999bcb90938a05908a5f3544903635ead6be24e6c4cf90d1ded8b4dc4796d3e3,,[],unreviewed,,,,
220,2,220.jpg|3024x4032|7916835|9ab2148cf09e748a8880c16ff96fc5b11818a368eaf9dfff33d6e24ca6089c09; 220-scan2.jpg|3024x4032|4045705|4a9ab85f44b05a841cea439bc769c48bbbe000848ad1a0317ae740b409b6b580,,[],unreviewed,,,,
221,2,221.jpg|3024x4032|6620194|7200f62c60fd9a8751ded31a86cffee6012d9475539ae60b1fad3847c604ef59; 221-scan2.jpg|3024x4032|3258199|c682fb3fe16b2e3797ca8e9bc40e40d8685d1feeb14ee58a4575ebff88f37983,,[],unreviewed,,,,
222,2,222.jpg|3024x4032|7469452|a958378a6e6a43344ba944a418b6a9f5ce894a4305a5d3be0e05190f2d768e93; 222-scan2.jpg|3024x4032|3709473|091f744fd1111116922597f912f60192a777684c7606d2355ede57a146f9c12f,,[],unreviewed,,,,
223,2,223.jpg|3024x4032|3877725|67fe51508a9246b2815690ed4b808c87f6d553595b97ac0962173e322e52959e; 223-scan2.jpg|3024x4032|8057596|736e47a23f4d9395daea4ff96657f1429cb753277bbbd0590d0fbc5003bb00d2,,[],unreviewed,,,,
224,2,224.jpg|4032x3024|7800567|db3decf71d530c8d9c4ecadc0d492e9ff0f57153192a4e202d65004339c1ba87; 224-scan2.jpg|3024x4032|6049016|6d28571e424a49a682f11e4bf3a88d1da8e6be9f9ff0867567aa5ff857491351,,[],unreviewed,,,,
225,2,225.jpg|3024x4032|6093425|0630856d3e848329a38bd68a9382e6b10a0d3072090277ff0a37f4284b537b45; 225-scan2.jpg|3024x4032|3282956|f0472cc75a10f1d026f633da58143abbe59016eb75429e9aae8ca4a8c927169b,,[],unreviewed,,,,
226,2,226.jpg|3024x4032|4092896|d87d050129f1b971fe8209d04dc941aa4f9361ce7c3f24908ba79efa0f9a8a56; 226-scan2.jpg|3024x4032|7715422|213efabf33a8b3a6a112a28d55ec1412ff7bd57e9eaabc0f594ab62b1e4b5d29,,[],unreviewed,,,,
227,2,227.jpg|3024x4032|3085347|8a16e1c7c74e141f62812137e244a6d06debf510d1f6c76bb3ff88269262260e; 227-scan2.jpg|3024x4032|6704536|41edbb0cd34f0a09fd2745b2ac5319f15ff6bddf12002cfe1b692d525b651a6e,,[],unreviewed,,,,
228,2,228.jpg|3024x4032|4045642|314c34bbb40f5a04a06d213c8b5bcbaf4b48d2636883e629c4f7bde486bb0e67; 228-scan2.jpg|3024x4032|7544018|0e4e2b9329ab1b0c6eab75c504cb4d7b86cf1d268b549f081e51a5fbd0f0d973,,[],unreviewed,,,,
229,2,229.jpg|3024x4032|7276399|c5fcced1c65f3b07d5bc7be0980749021d97b8cd846885dc96d5c1ff20a1bb6d; 229-scan2.jpg|3024x4032|3995479|bf8cbf79e8169e4058fe18c7f242047a93bd56a1c8da65b09b76a53ddb269745,,[],unreviewed,,,,
230,2,230.jpg|3024x4032|3737351|234da7360efaf1090d480ff4da66bc64b463270dac0d6645971296771377f975; 230-scan2.jpg|3024x4032|7931343|95db9c138dd7f002aa31f26ebef73d7281c20c794ec8f021204f436cd5ea7d19,,[],unreviewed,,,,
231,1,231.jpg|3024x4032|4009210|78926c57485e94016c611e5e036c7fe379b559e62655434bd41b04e555ed3fcc,,[],unreviewed,,,,
232,1,232.jpg|3024x4032|3632676|7466a36b0709a545b534ce0e04c6b8779f8c6cfbe4aeabf81abb5fd51bac8ad9,,[],unreviewed,,,,
233,1,233.jpg|3024x4032|3319338|0bb40d452230a15fbed0af043d8cf3cbbc3cb608b3efcc72b88e52269f1f70c6,,[],unreviewed,,,,
234,2,234.jpg|3024x4032|4096965|0b5492a291f5cd54f3fc1e1df6886d0f3b9aa23ca0578dc0b202c94da2e2a60f; 234-scan2.jpg|3024x4032|4075121|d99418efa71805b4ef827d7d89ff91e931f18c0f4bb258408b1bc3ea0929631e,,[],unreviewed,,,,
235,1,235.jpg|3024x4032|3427780|9759d48f7e1db69cc8bcc0db12f3befa39a8dbb58711957a56cb620627eaf65e,,[],unreviewed,,,,
236,1,236.jpg|3024x4032|4077948|2f5160d6f456196a905a70ee7ea0f3394f78682188dd051e861f7145c3ce9277,,[],unreviewed,,,,
237,1,237.jpg|3024x4032|3448220|b5b2fde58665211ab85eade4732d795824532c4ebc15d8b5aa34aec69b1410c2,,[],unreviewed,,,,
238,1,238.jpg|3024x4032|3578578|01609aa41d190238c489693f8977e42c74912c374e175b7c54f7d7d2ddac78e3,,[],unreviewed,,,,
239,2,239.jpg|3024x4032|3076782|21071c8678b5b71a86b55c6278624cdf1164c8f44ec33c80862f9aa6dc781319; 239-scan2.jpg|3024x4032|3072019|a58512528f23ba6e65b7315358397ac95ec64867d175a56a961938f61ead8b65,,[],unreviewed,,,,
240,1,240.jpg|3024x4032|4008128|4864945e1d0e3bc7daba9639cd75d13d1ab1504fccf1244d95d1a0406b879111,,[],unreviewed,,,,
241,1,241.jpg|3024x4032|3405011|4575177fdce821dc5064223c57e9c8e2aa2508a17d396212a247534ee6dd87ae,,[],unreviewed,,,,
242,1,242.jpg|3024x4032|3389168|b96dd37a9b96a54844aebd283d8a20cc005eb7cdb7b6aa2d21359b897e1133f9,,[],unreviewed,,,,
243,1,243.jpg|3024x4032|3545238|1026bb23d7deab7e647a8e6bcd8782ce56218dcaa69f7f20e8d906bd5377c192,,[],unreviewed,,,,
244,2,244.jpg|3024x4032|4131235|be1cf66327581925bd4d861d6f7c628bd863168fe5d8a61bd21def1005551759; 244-scan2.jpg|3024x4032|4177452|a5f6c5d881b173060ef91e5f9f15bacd695b1f1bb38837038321abfa4002f5ae,,[],unreviewed,,,,
245,1,245.jpg|3024x4032|3607150|8caa4a4b29b71ea9df61e8060ea4d62580bf11ae083103c626ae3a2511294fb8,,[],unreviewed,,,,
246,1,246.jpg|3024x4032|4039811|9990c9c6576eaa021784a909c519b98c9df03f66664d7074eb9587e5dbe1eeb3,,[],unreviewed,,,,
247,1,247.jpg|3024x4032|3475744|283eae523927f5980cbb8f58da3a7776e3d6d6609b704b53c046d3951f759505,,[],unreviewed,,,,
248,2,248.jpg|3024x4032|3886428|b00edcb97684a0f2cce89f0937ad539449d95ad35a8b75f657b01b2f24973f28; 248-scan2.jpg|3024x4032|3875263|12341a601b03e7aa94274877b1edd614b12ff108d6291de8a16f77a061cd0321,,[],unreviewed,,,,
249,1,249.jpg|3024x4032|2834197|4b9e26e76fa54ecde665b6e203bcaf721b55d89b838dc9d1a4754ff0a1038c92,,[],unreviewed,,,,
250,1,250.jpg|3024x4032|3597108|e0d1227ebf3d8261e32800805e1be37d2bdccdb11f24a95fb195931348d46a78,,[],unreviewed,,,,
251,1,251.jpg|3024x4032|3361709|3857d0581c4f076d53d377191b0ae84a28ed0ff7b01a0487b04fad371f95e9db,,[],unreviewed,,,,
252,2,252.jpg|3024x4032|3571830|a16840231ed932c1de1f77f53db6cf072e8eb3bce3876f992d23a7606bd9d42b; 252-scan2.jpg|3024x4032|3428797|58aef52052a43a83d7b503c25482f6def6303cbb3e5e64e781e655fbf5e7dea6,,[],unreviewed,,,,
253,2,253.jpg|3024x4032|3881502|16499584fffcbdfb9bc6245a205aaba8a71bc5e730a738dc6ab66467dd3d8d51; 253-scan2.jpg|3024x4032|3627989|9350577c015554ce562035a8999a53dac50e63d5f15f3385eb8192c46f796942,,[],unreviewed,,,,
254,1,254.jpg|3024x4032|3921827|22b3b86e29b8f7968f733f61d033058109c2ac6146d7fd0cb9fa7b3f68025f9e,,[],unreviewed,,,,
255,2,255.jpg|3024x4032|3249282|231166e0978ff72599134ba5351e259d0528394d83b16f5ffa79da1d966683c7; 255-scan2.jpg|3024x4032|3243790|1c349169ad49ed403c9ea3b53f5f2bb50ecaf73e19d4ad9dc1aba7f88d94132c,,[],unreviewed,,,,
256,3,256.jpg|3024x4032|4010700|7b123f4f1be0f84328560bc7ab654a3686c9657f596dbe371a3fd4363a331c89; 256-scan2.jpg|3024x4032|4010945|8a7b1f391c118b9aab18700e72bcf1b9ed16ca23da2de54766b6f5b895be38fc; 256-scan3.jpg|3024x4032|4010677|2c2aa5547a691c948794bd544e8de134c855230162a2ff27db48a8a5368dfd44,,[],unreviewed,,,,
257,2,257.jpg|3024x4032|3419640|41c7d0c2bf355502dd8ad08f1036a78c5540d1774044b906b2c4a51f50a3628b; 257-scan2.jpg|3024x4032|3380652|ed60e316831e862decc870809587c91aa82ab6742889303b7787b701dcbc0ed0,,[],unreviewed,,,,
258,1,258.jpg|3024x4032|4035962|bdb9ee8892e1c0e436d6cab009a89fb6217837b4a083d30b92ebe875c4344eaa,,[],unreviewed,,,,
259,1,259.jpg|3024x4032|3560972|5123af9c5f360a055565819dfe034d58abb31f9a312c6e60e32516dd3e58fd98,,[],unreviewed,,,,
260,1,260.jpg|3024x4032|3352006|95b004e8ed2aefca0d267054c58b7b41c5455a6c4782845e3d151ff86b25f3f6,,[],unreviewed,,,,
261,1,261.jpg|3024x4032|3345838|6a6a050e62ee3b0d1a40be28222965e6a5bbc26f40fd3c772310411227b241f6,,[],unreviewed,,,,
