page	image	proposed_source	inferred_page
3	013.jpg	ocr_low_confidence	3
3	043.jpg	ocr_low_confidence	3
3	079.jpg	ocr_low_confidence	3
5	069-2.jpg	ocr_low_confidence	5
5	071-2.jpg	ocr_low_confidence	5
5	107.jpg	ocr_low_confidence	5
7	098.jpg	ocr_low_confidence	7
7	105.jpg	ocr_low_confidence	7
17	044.jpg	ocr_low_confidence	17
17	145.jpg	ocr_low_confidence	17
25	126.jpg	ocr_low_confidence	25
25	166.jpg	ocr_low_confidence	25
27	027.jpg	manual_override	None
27	169.jpg	ocr_low_confidence	27
27	170.jpg	ocr_low_confidence	27
27	171.jpg	ocr_low_confidence	27
29	029.jpg	manual_override	None
29	179.jpg	ocr_low_confidence	29
29	180.jpg	ocr_low_confidence	29
31	093.jpg	ocr_low_confidence	31
31	130.jpg	ocr_low_confidence	31
32	032.jpg	manual_override	None
32	131.jpg	ocr_low_confidence	32
32	189.jpg	ocr_low_confidence	32
37	037.jpg	manual_override	None
37	125.jpg	ocr_low_confidence	37
37	136.jpg	strict_interpolation	37
40	040.jpg	ocr_low_confidence	40
40	139.jpg	strict_interpolation	40
40	143.jpg	ocr_low_confidence	40
41	041.jpg	ocr_low_confidence	41
41	140.jpg	strict_interpolation	41
41	144.jpg	ocr_low_confidence	41
42	042.jpg	ocr_low_confidence	42
42	141.jpg	strict_interpolation	42
45	045.jpg	ocr_low_confidence	45
45	146.jpg	ocr_low_confidence	45
47	047.jpg	ocr_low_confidence	47
47	148.jpg	ocr_low_confidence	47
48	048.jpg	ocr_low_confidence	48
48	149.jpg	ocr_low_confidence	48
50	151.jpg	ocr_low_confidence	50
50	152.jpg	ocr_anchor	50
53	077.jpg	ocr_low_confidence	53
53	156.jpg	ocr_low_confidence	53
54	054.jpg	manual_override	None
54	157.jpg	ocr_low_confidence	54
54	282.jpg	ocr_anchor	54
56	056.jpg	manual_override	None
56	159.jpg	strict_interpolation	22
59	059.jpg	manual_override	None
59	071.jpg	ocr_low_confidence	59
59	162.jpg	strict_interpolation	None
60	060.jpg	manual_override	None
60	163.jpg	ocr_anchor	60
63	167.jpg	ocr_anchor	63
63	168.jpg	ocr_low_confidence	63
66	066.jpg	ocr_low_confidence	66
66	173.jpg	ocr_anchor	66
66	174.jpg	ocr_anchor	66
66	175.jpg	ocr_low_confidence	66
66	176.jpg	ocr_low_confidence	66
67	067.jpg	manual_override	None
67	177.jpg	ocr_low_confidence	67
68	062-2.jpg	ocr_low_confidence	68
68	068.jpg	manual_override	None
68	178.jpg	ocr_low_confidence	68
69	069.jpg	manual_override	None
69	181.jpg	ocr_low_confidence	69
70	070.jpg	ocr_low_confidence	70
70	182.jpg	ocr_low_confidence	70
74	186.jpg	ocr_low_confidence	74
74	187.jpg	ocr_low_confidence	74
76	190.jpg	ocr_low_confidence	76
76	191.jpg	ocr_low_confidence	76
76	193.jpg	ocr_low_confidence	76
76	194.jpg	ocr_low_confidence	76
77	192.jpg	ocr_low_confidence	77
77	195.jpg	ocr_low_confidence	77
78	196.jpg	ocr_low_confidence	78
78	197.jpg	manual_override	None
78	198.jpg	ocr_low_confidence	78
79	199.jpg	ocr_anchor	79
79	200.jpg	ocr_low_confidence	79
88	147.jpg	ocr_low_confidence	88
88	209.jpg	ocr_low_confidence	88
89	001.jpg	ocr_anchor	89
89	210.jpg	ocr_low_confidence	89
89	211.jpg	ocr_low_confidence	89
89	212.jpg	ocr_low_confidence	89
89	213.jpg	ocr_anchor	89
89	215.jpg	ocr_low_confidence	89
90	002.jpg	strict_interpolation	90
90	216.jpg	ocr_low_confidence	90
91	003.jpg	strict_interpolation	91
91	217.jpg	ocr_low_confidence	91
92	004.jpg	strict_interpolation	92
92	218.jpg	ocr_anchor	92
93	005.jpg	ocr_anchor	93
93	219.jpg	strict_interpolation	93
94	006.jpg	strict_interpolation	94
94	220.jpg	ocr_anchor	94
95	007.jpg	ocr_anchor	95
95	221.jpg	strict_interpolation	95
96	008.jpg	strict_interpolation	96
96	222.jpg	strict_interpolation	4
97	009.jpg	ocr_anchor	97
97	223.jpg	strict_interpolation	97
98	010.jpg	ocr_anchor	98
98	224.jpg	strict_interpolation	43
99	011.jpg	ocr_anchor	99
99	225.jpg	strict_interpolation	99
100	012.jpg	strict_interpolation	100
100	226.jpg	strict_interpolation	100
101	013-2.jpg	ocr_anchor	101
101	227.jpg	strict_interpolation	101
102	014-2.jpg	ocr_low_confidence	102
102	228.jpg	strict_interpolation	102
103	015-2.jpg	ocr_anchor	103
103	229.jpg	ocr_anchor	103
104	016.jpg	ocr_low_confidence	104
104	230.jpg	strict_interpolation	104
105	017.jpg	ocr_anchor	105
105	231.jpg	strict_interpolation	105
106	018-2.jpg	ocr_low_confidence	106
106	232.jpg	strict_interpolation	106
107	019.jpg	ocr_low_confidence	107
107	233.jpg	strict_interpolation	4
108	020.jpg	ocr_low_confidence	108
108	234.jpg	strict_interpolation	108
109	021-2.jpg	ocr_low_confidence	109
109	235.jpg	strict_interpolation	109
110	022-2.jpg	ocr_low_confidence	110
110	236.jpg	strict_interpolation	110
111	023.jpg	ocr_low_confidence	111
111	237.jpg	strict_interpolation	1
112	024.jpg	ocr_low_confidence	112
112	238.jpg	strict_interpolation	112
113	025.jpg	ocr_low_confidence	113
113	239.jpg	strict_interpolation	113
114	026.jpg	ocr_low_confidence	114
114	240.jpg	strict_interpolation	114
115	027-2.jpg	ocr_anchor	115
115	241.jpg	strict_interpolation	115
116	028.jpg	ocr_low_confidence	116
116	242.jpg	strict_interpolation	116
117	030.jpg	ocr_low_confidence	117
117	243.jpg	strict_interpolation	117
118	031.jpg	ocr_low_confidence	118
118	244.jpg	strict_interpolation	118
119	032-2.jpg	ocr_anchor	119
119	245.jpg	ocr_anchor	119
120	034.jpg	ocr_low_confidence	120
120	246.jpg	strict_interpolation	120
121	035.jpg	ocr_low_confidence	121
121	247.jpg	ocr_anchor	121
122	036.jpg	ocr_low_confidence	122
122	248.jpg	ocr_anchor	122
123	037-2.jpg	ocr_low_confidence	123
123	249.jpg	strict_interpolation	123
124	038.jpg	ocr_low_confidence	124
124	250.jpg	strict_interpolation	124
125	039.jpg	ocr_low_confidence	125
125	251.jpg	strict_interpolation	125
126	041-2.jpg	ocr_low_confidence	126
126	252.jpg	strict_interpolation	126
127	042-2.jpg	ocr_anchor	127
127	253.jpg	strict_interpolation	127
128	043-2.jpg	ocr_low_confidence	128
128	254.jpg	strict_interpolation	128
129	044-2.jpg	ocr_anchor	129
129	255.jpg	strict_interpolation	129
130	045-2.jpg	ocr_low_confidence	130
130	256.jpg	strict_interpolation	130
131	046-2.jpg	ocr_anchor	131
131	257.jpg	strict_interpolation	131
132	047-2.jpg	ocr_low_confidence	132
132	258.jpg	strict_interpolation	132
133	048-2.jpg	ocr_anchor	133
133	259.jpg	strict_interpolation	133
134	049.jpg	ocr_low_confidence	134
134	260.jpg	strict_interpolation	4
135	050.jpg	ocr_low_confidence	135
135	261.jpg	strict_interpolation	135
136	051.jpg	ocr_low_confidence	136
136	262.jpg	strict_interpolation	136
137	052.jpg	ocr_low_confidence	137
137	263.jpg	strict_interpolation	137
144	270.jpg	ocr_anchor	144
144	271.jpg	ocr_low_confidence	144
151	278.jpg	ocr_anchor	151
151	279.jpg	ocr_low_confidence	151
165	053.jpg	ocr_low_confidence	165
165	293.jpg	ocr_low_confidence	165
167	055.jpg	ocr_low_confidence	167
167	294.jpg	ocr_low_confidence	167
168	056-2.jpg	ocr_low_confidence	168
168	295.jpg	ocr_anchor	168
168	296.jpg	ocr_anchor	168
169	057.jpg	ocr_anchor	169
169	297.jpg	strict_interpolation	169
170	058.jpg	strict_interpolation	170
170	298.jpg	strict_interpolation	170
171	059-2.jpg	ocr_anchor	171
171	299.jpg	strict_interpolation	171
172	060-2.jpg	ocr_low_confidence	172
172	300.jpg	strict_interpolation	172
173	061.jpg	ocr_low_confidence	173
173	301.jpg	strict_interpolation	173
175	063.jpg	ocr_low_confidence	175
175	303.jpg	strict_interpolation	175
176	064-2.jpg	ocr_low_confidence	176
176	304.jpg	ocr_anchor	176
177	065.jpg	ocr_low_confidence	177
177	305.jpg	strict_interpolation	177
178	066-2.jpg	ocr_low_confidence	178
178	306.jpg	strict_interpolation	178
217	067-2.jpg	manual_override	None
217	345.jpg	ocr_low_confidence	217
220	070-2.jpg	manual_override	None
220	348.jpg	ocr_low_confidence	220
222	072.jpg	manual_override	None
222	350.jpg	ocr_low_confidence	222
223	073.jpg	manual_override	None
223	351.jpg	ocr_low_confidence	223
225	075.jpg	manual_override	None
225	353.jpg	ocr_low_confidence	225
226	076.jpg	manual_override	None
226	354.jpg	ocr_low_confidence	226
228	078.jpg	ocr_low_confidence	228
228	356.jpg	ocr_low_confidence	228
230	080.jpg	ocr_low_confidence	230
230	358.jpg	ocr_low_confidence	230
234	084.jpg	manual_override	None
234	085.jpg	manual_override	None
239	090.jpg	manual_override	None
239	091.jpg	manual_override	None
244	096.jpg	manual_override	None
244	097.jpg	manual_override	None
248	101.jpg	manual_override	None
248	102.jpg	manual_override	None
252	106.jpg	manual_override	None
252	109.jpg	ocr_low_confidence	252
255	111.jpg	manual_override	None
255	112.jpg	manual_override	None
256	113.jpg	ocr_low_confidence	256
256	115.jpg	ocr_low_confidence	256
256	116.jpg	ocr_low_confidence	256
